"rf_cum_3_day","temperature","ws","deg_from_north","dow","working_days","hour","pre_peak_hour","pm10"
2,18.5,0.5,109,5,1,5,1,16
0.2,14.7,2.9,165,6,0,21,0,13.5
3,13.6000003815,2.5,5,4,1,8,1,13.8999996185
0,9.4,2.1,2,6,0,9,0,24.8
0,19,1,120,1,1,6,1,15.1
1.2,7.8,1.1,89,5,1,3,0,10.5
0,20,2.9000000954,176,7,0,21,0,26.3999996185
0,23.3999996185,4.1999998093,4,6,0,9,0,78
0,32.0999984741,3,39,1,1,14,0,29.2999992371
3,9.6,4,12,2,1,5,1,12.7
0,19.5,4.1,10,6,0,9,0,20
0,14.9,4.8,139,3,1,0,0,16.6
6,16.2000007629,3.9000000954,127,4,1,11,0,15.3000001907
0,22.5,1.1,109,4,1,9,0,56.4
0,25.6000003815,4.4000000954,32,1,1,12,0,55
0,20.7000007629,0.8999999762,44,3,1,1,0,27.8999996185
0,15.3000001907,1.7999999523,139,7,0,21,0,14.6999998093
0.2,5.1999998093,1.1000000238,18,6,0,5,1,26.1000003815
8.6,16,3.4000000954,175,5,1,1,0,8.3000001907
0,20.2,4.4,171,3,1,13,0,16.6
0,27.2,5,14,1,1,15,1,52.9
0.2,16.2000007629,2.7999999523,121,1,1,13,0,10.8000001907
0.6,6.4000000954,1.1000000238,19,4,1,5,1,29.6000003815
0,7.2,1.1,12,7,0,0,0,30.4
0.6,9.6999998093,1.5,104,6,0,3,0,7.4000000954
27.4,15.1000003815,1,144,5,1,2,0,0
1.6,17.9,4,17,2,1,15,1,12.3
0,29.7,3.5,1,5,1,0,0,34.3
1.2,14.3000001907,3.9000000954,12,6,0,23,0,13.8000001907
0.6,14.5,4.2,160,5,1,12,0,22.4
0,13.3,2.7,132,4,1,23,0,7.1
1.6,14.6999998093,3.4000000954,12,3,1,13,0,33.2999992371
0.2,13,2.1,102,4,1,4,0,19.3
4.2,11.4,5.6,91,5,1,11,0,19.6
5.8,15,2.8,158,1,1,23,0,12.2
0,18.9,3.2,178,5,1,12,0,8.2
3,17.2,3.5,164,1,1,22,0,13.8
4.6,16.1,2,136,6,0,9,0,22.3
33.6,17.2000007629,1.1000000238,167,3,1,20,0,13.5
0,16.2,4.5,178,6,0,17,0,28.7
0,9.5,1.7,71,6,0,9,0,43.7
0,9.4,2.7,54,4,1,15,1,18.5
0.6,5.7,0.3,14,4,1,5,1,17.7
4,12.1000003815,2.5999999046,10,2,1,22,0,3.9000000954
7.8,11.5,2.5999999046,67,2,1,8,1,18.7000007629
2.6,14.6999998093,2.0999999046,158,3,1,12,0,18.3999996185
2,12.9,2.8,158,1,1,13,0,11.9
0,15,2.2000000477,57,7,0,6,1,8.1000003815
0,20.3,0.7,152,1,1,9,0,19.4
0.4,8.6999998093,1.3999999762,46,5,1,8,1,96.4000015259
11,5.5,0.7,8,3,1,4,0,12.3
2.2,13.3999996185,2.7000000477,38,4,1,4,0,13.3000001907
6.6,6.1999998093,1.5,26,4,1,4,0,14.8999996185
0,15.5,2.7000000477,102,1,1,5,1,7.5
0,21,3.1,160,5,1,16,1,37
0.4,16.4,2.2,98,6,0,10,0,14.7
0,8.8000001907,1.7000000477,11,1,1,6,1,24.1000003815
0.2,18.6,4.1,180,2,1,19,0,11.7
0,20.2999992371,0.8999999762,96,4,1,22,0,26.7999992371
1.6,15.1000003815,1,40,7,0,19,0,11.1999998093
3,16.1000003815,3.2000000477,171,3,1,20,0,17.2000007629
0.6,16.7999992371,2.9000000954,164,7,0,10,0,13.5
0.4,12.6,4.1,172,1,1,17,0,16.8
0,15.3,2.7,180,3,1,12,0,25.7
12.2,5.1999998093,1.1000000238,1,6,0,23,0,18.2000007629
2.8,11.1999998093,3.7999999523,108,1,1,13,0,8.1999998093
0,19.6,1.6,169,6,0,14,0,54.9
0,8.1999998093,2,24,5,1,5,1,25.2000007629
0,20.6000003815,4.0999999046,9,7,0,3,0,30.2999992371
0.4,15.8000001907,3.2999999523,167,5,1,17,0,15
0,19.5,2.6,173,2,1,13,0,7.2
13.6,12.8000001907,2.9000000954,78,3,1,3,0,11.3999996185
2.6,13.1000003815,1.7999999523,100,7,0,13,0,13
0,19.7000007629,1,148,5,1,1,0,7.0999999046
6.2,7.5,2.5999999046,15,2,1,8,1,24.1000003815
0,19,2.3,145,1,1,21,0,30.1
6.6,10.6999998093,2,14,5,1,22,0,5.5999999046
0,11.2,1.7,23,3,1,22,0,47.5
7.2,10.3999996185,2.0999999046,13,3,1,7,1,29.2000007629
0.6,16.7000007629,2.4000000954,134,3,1,19,0,11.3999996185
0,9.3999996185,1,14,3,1,6,1,45
3.2,10.5,2,60,5,1,2,0,9.8999996185
0,16.6,2.5,120,1,1,7,1,13.9
0,15.3000001907,1.7000000477,11,5,1,3,0,16
28,10.8999996185,2.2999999523,90,5,1,8,1,12.6000003815
3.8,19.9,3.1,1,3,1,1,0,27.4
0,19.8,2.8,133,1,1,14,0,15.7
4.2,19.8999996185,2.9000000954,161,6,0,0,0,9.3999996185
0,18.4,3.6,9,1,1,12,0,64.9
3,24.7000007629,1.7999999523,18,2,1,17,0,16.7000007629
0,15.5,2.5999999046,112,6,0,4,0,24
0,24.6,3.4,36,2,1,3,0,24.8
12.2,7.5,1.6000000238,0,5,1,5,1,5.4000000954
9.6,11.6999998093,3.2000000477,5,2,1,1,0,10.6999998093
0,28,3.7,4,2,1,14,0,101
0,12.9,1.2,43,7,0,23,0,12
0,17.7000007629,1.8999999762,163,4,1,16,1,22.7999992371
0,23.3,3,170,3,1,13,0,21.1
20.2,23,1.5,138,7,0,11,0,16.6000003815
1,5.9,0.9,56,4,1,3,0,18.9
0.4,19.6,3.7,16,3,1,10,0,92.5
0,26.2,4.5,2,7,0,10,0,55.1
0.6,14.5,3.8,112,6,0,15,1,10
11.6,10.6000003815,4.8000001907,97,6,0,13,0,13.3999996185
0.6,15.6000003815,6.5,13,7,0,9,0,11.3999996185
0.4,15.3,2.9,17,5,1,3,0,13.2
3.4,6.6999998093,1,20,4,1,3,0,22.5
0.2,12.9,5.6,68,2,1,14,0,13.8
22.8,11.3999996185,1,147,3,1,22,0,15.6999998093
0.8,7.4000000954,1.2000000477,15,1,1,1,0,13.8000001907
0.2,21.5,4,12,5,1,6,1,58.4000015259
0,10.1999998093,1.2000000477,137,1,1,3,0,15.3000001907
0,12.7,1.9,26,5,1,6,1,7.1
0,30.7999992371,3.7000000477,6,7,0,14,0,5.6999998093
0,20.6,1.9,98,6,0,0,0,27.3
42,20.7999992371,5.0999999046,18,7,0,11,0,4.6999998093
0.2,9.2,1.9,12,6,0,7,1,31.9
0.4,10.3,3,167,2,1,5,1,13.6
3.8,14.5,2.4000000954,53,3,1,16,1,34.7999992371
0,12.7,3.8,148,7,0,13,0,15
0.8,20.8999996185,3.4000000954,140,1,1,13,0,11.5
3.4,11.3000001907,5.6999998093,0,6,0,18,0,13
0,22.3999996185,3.7999999523,165,4,1,18,0,17.2999992371
28.6,8.1,0.7,131,1,1,20,0,21
12.6,10.6000003815,1.2999999523,40,2,1,8,1,11.5
0.4,11.8999996185,1.7000000477,119,3,1,4,0,15.1000003815
2,7.5999999046,0.6999999881,3,2,1,21,0,49.9000015259
0,14.6,2.1,36,5,1,18,0,7.9
0.8,8.8,2.1,6,6,0,8,1,28.1
0.2,21.1,1.5,97,3,1,23,0,37.1
2.2,13.5,0.4,20,4,1,10,0,34
4.8,10.8999996185,2,14,7,0,4,0,4.6999998093
6.6,16,3.9000000954,31,7,0,11,0,5.6999998093
13.6,13.6000003815,4.3000001907,55,3,1,8,1,26.1000003815
8.2,10.8999996185,2,45,7,0,6,1,4.0999999046
0,23.3999996185,5.5999999046,171,6,0,12,0,33
0,22,2.9,148,5,1,21,0,25.7
0.8,22.7999992371,4.0999999046,3,5,1,16,1,30.1000003815
1.2,14.8,4.2,118,3,1,13,0,17.3
8.2,13.6000003815,0.400000006,20,7,0,19,0,20.1000003815
10.6,6.9000000954,1.7999999523,44,3,1,3,0,8.5
1,17.7,5.3,4,4,1,16,1,38.8
0,14,2.5,125,7,0,22,0,19.2000007629
0,20.8999996185,3.5,24,6,0,9,0,35.0999984741
0,10,4,1,1,1,23,0,13.3
3.8,9.6000003815,1.6000000238,101,5,1,0,0,10.5
0,16.4,2.5,126,1,1,1,0,12.7
0.6,11.6,2.5,3,5,1,3,0,10.4
0,29.6,4.1,83,4,1,16,1,29.3
0,17.8,2.2,131,7,0,9,0,17.5
0,17.8,2.1,120,5,1,7,1,20.5
0,31.7999992371,3.5,164,2,1,17,0,18.7000007629
1.6,18.3,3.4,168,7,0,13,0,12.4
0,19.5,1.6,73,5,1,23,0,30.8
0,19.2000007629,1.2000000477,33,7,0,8,1,27.5
0.6,15.3999996185,2.7999999523,96,7,0,9,0,12
0.8,23.5,4.4,163,6,0,13,0,31.3
0.4,17.7999992371,4.1999998093,170,1,1,17,0,26
0,14.8,0.8,39,4,1,1,0,37.5
0,20,2.7,178,7,0,15,1,21.4
0.4,6.5,1.2,26,2,1,23,0,33.1
1,17,1.8999999762,113,5,1,12,0,14.3999996185
1,14.5,3.0999999046,2,6,0,21,0,15
0,11.6,5.7,13,3,1,6,1,42.4
14.2,19,1.6000000238,147,6,0,19,0,24.1000003815
10.6,16.1000003815,4,93,5,1,10,0,9.3999996185
0,24.3,4.7,142,3,1,15,1,35.4
1.8,6.5999999046,2,93,3,1,0,0,9.5
2.6,13.1999998093,1.6000000238,93,7,0,14,0,15.1999998093
0.8,12.5,1.2000000477,20,3,1,6,1,14.5
0,21,0.3,51,5,1,2,0,15.5
0,21.9,3.6,178,3,1,14,0,43.5
0,18.3999996185,3.5,166,6,0,20,0,16.6000003815
2,6.1999998093,0.6000000238,19,2,1,5,1,8.5
6.6,10.5,2.2999999523,47,7,0,17,0,2.9000000954
4.4,25.1,5.3,2,3,1,15,1,96.4
0,17,4.3,169,7,0,16,1,11.2
3.2,14,2.3,3,5,1,1,0,3.8
0.4,14.5,2.5,158,4,1,20,0,9.5
0.4,24.5,4.4000000954,164,2,1,17,0,18.2999992371
14.8,11.3000001907,2.5999999046,170,6,0,3,0,4.5999999046
2.6,12.9,3.7,18,7,0,5,1,7.3
3.2,6.5,2.6,16,4,1,6,1,28
13.2,11.4,2.6,167,6,0,15,1,9.1
6.6,15.3000001907,3.5,73,6,0,12,0,6.5999999046
23.4,17.2999992371,2.5,116,6,0,4,0,11.3000001907
0,20.5,4.3,34,2,1,6,1,45.9
0.4,9.3,1,179,3,1,17,0,42.3
38.4,17.6,1.5,14,5,1,11,0,29.7
0,23.4,3.8,179,5,1,17,0,25.5
0,19.3,4.2,110,7,0,0,0,12.9
25.8,10.4,2.2,102,3,1,5,1,18.9
0,21.1,1,133,2,1,14,0,70.4
0,27.7,3,44,2,1,15,1,72.5
27.6,9.6,1.7,44,2,1,11,0,33.3
0,30,4.3000001907,3,6,0,9,0,34.5
4.4,6.3,3,51,3,1,0,0,10.9
0,17.8,6.3,8,4,1,10,0,49.9
2.6,10.5,4.2,72,7,0,8,1,0
0.2,8.3000001907,0.6999999881,26,2,1,2,0,11.3999996185
0,7.5,0.5,11,2,1,6,1,54.7000007629
4,13.3000001907,4.8000001907,14,2,1,13,0,13
4,5.8000001907,4.4000000954,77,3,1,8,1,9.3999996185
0,24.2000007629,5.5,142,6,0,18,0,23.5
8.2,11,1.8999999762,7,7,0,3,0,3.9000000954
24,9.1999998093,2.5,7,1,1,5,1,13.3999996185
0,21.7999992371,3.2999999523,155,1,1,20,0,24.3999996185
8.6,7.5,3,71,1,1,0,0,5.9000000954
0.2,13.1999998093,2,143,1,1,19,0,11.1999998093
20,11,3.1,55,4,1,1,0,2.4
0.4,10.3999996185,4.9000000954,9,4,1,4,0,16.7000007629
2.4,16.8999996185,2.4000000954,11,7,0,17,0,12.8000001907
15.4,11.3000001907,2.5,139,1,1,20,0,10.3999996185
0,23.3999996185,4.5999999046,17,2,1,11,0,56.0999984741
2.6,12.1999998093,1.2000000477,168,3,1,20,0,20.7999992371
7,7.8,3.2,139,7,0,4,0,4.9
2.2,9.8999996185,1.5,99,2,1,20,0,24.6000003815
14.2,20.7000007629,1.6000000238,167,7,0,12,0,12.8000001907
0.2,28.2000007629,2.4000000954,174,2,1,19,0,37.5999984741
0,19.5,2.2,136,6,0,21,0,16.8
0.2,16.3999996185,2.9000000954,109,1,1,12,0,16.7999992371
0,13.4,1.2,150,4,1,23,0,21.2
0,18.3,2.3,153,6,0,10,0,27.9
0,15.2,0.9,150,6,0,23,0,11.2
1.8,16.1000003815,2.2000000477,113,4,1,6,1,7.0999999046
0,20.5,0.3,100,3,1,1,0,22.3
0,14.3000001907,2.7000000477,164,5,1,21,0,18.7000007629
0,21.1000003815,1.8999999762,16,4,1,12,0,47.7000007629
0.6,6.3000001907,1.2000000477,5,1,1,23,0,13.1999998093
0.4,35.5,2,74,3,1,11,0,61.5999984741
0,12.9,1,18,6,0,1,0,9.7
9.2,14.3999996185,5.8000001907,33,4,1,1,0,6.8000001907
0.2,19.3,4.1,172,7,0,17,0,15.8
0.8,12.1,4.1,111,2,1,9,0,17.6
0,21.3,1.5,148,2,1,11,0,13.3
0,15,0.6999999881,9,7,0,3,0,8.6999998093
11.6,21.5,0.3,55,7,0,2,0,8.1
0.4,19.5,1.5,90,3,1,0,0,14.8999996185
0,28.5,6,91,3,1,15,1,112.5
13.2,16.5,2.2,173,3,1,11,0,22.9
0,12.3000001907,0.5,41,2,1,4,0,12.5
19.6,23.5,2.8,140,1,1,22,0,7
2.2,21,1.3,111,5,1,5,1,26.9
0.4,19.3,2.6,27,2,1,10,0,86.1
0.8,24.1000003815,1.8999999762,11,6,0,9,0,26.8999996185
31.2,25.3999996185,3.7999999523,155,2,1,18,0,16.5
8.8,19.8999996185,1.3999999762,104,5,1,1,0,11
0.2,7.7,2,22,4,1,0,0,25.3
0.4,19.3999996185,3.2000000477,174,4,1,14,0,11.8000001907
0,7.9,1.7,33,4,1,23,0,12.7
34.6,13.4,5.1,167,6,0,20,0,8.8
6.8,7.9000000954,1.5,9,4,1,23,0,6.8000001907
0,11.3,4,41,4,1,18,0,18.6
0,17.4,1.8,36,4,1,4,0,20.9
0,17.8,2.8,166,3,1,20,0,11.2
9,13.5,2,144,5,1,22,0,18.2999992371
0.2,13.5,2.2999999523,165,3,1,16,1,9.8999996185
2,12.1000003815,5,60,4,1,11,0,18.3999996185
0.4,9.1999998093,2.2999999523,11,1,1,10,0,23.2999992371
0,24,2.7000000477,168,3,1,13,0,36
0,27.5,3.5,122,3,1,19,0,21.7999992371
0.4,18.3999996185,3.4000000954,166,4,1,20,0,11
0,21.8,7.2,30,2,1,5,1,69.8
6.4,9.8,2.3,3,5,1,6,1,25.8
27.4,14.5,1.3999999762,116,5,1,10,0,9.6999998093
3.2,13.6,2.3,7,5,1,4,0,4.2
3.4,20,2.7999999523,154,5,1,19,0,20.3999996185
8.2,12.1999998093,0.8999999762,24,7,0,6,1,7.0999999046
0.6,8.6,0.5,145,4,1,18,0,25.2
12.2,19.5,1.5,9,5,1,1,0,44.2999992371
2,12.3999996185,6.8000001907,18,7,0,20,0,6.5999999046
5.6,15.3,2.9,160,3,1,17,0,12.4
4.6,22.3,2.5,37,6,0,23,0,16.8
0.2,6.1999998093,2,4,6,0,6,1,10.3000001907
4,16.2999992371,2.7000000477,171,6,0,13,0,15.3999996185
13.4,27.3,5.1,2,5,1,16,1,19.7
0,15.3999996185,0.6999999881,129,2,1,21,0,24.5
6,12.8,2.6,8,1,1,3,0,13.6
32.8,9,2.0999999046,78,4,1,5,1,3.7999999523
0.2,14.8999996185,0.6000000238,20,1,1,22,0,25.3999996185
10.2,6.4,1.7,100,1,1,8,1,20.6
0,22.3999996185,2.5999999046,157,1,1,17,0,23.7999992371
0.2,25.2000007629,1.7999999523,42,1,1,8,1,88.4000015259
4.8,16.4,2.9,171,5,1,21,0,9.8
2.4,13.9,4.6,122,3,1,14,0,19.8
0,22.7,7.4,27,2,1,13,0,52.8
2.8,9.1,3.3,59,4,1,22,0,4.2
1,15.6999998093,2.0999999046,111,5,1,10,0,29.8999996185
0,17.5,2.5,175,5,1,17,0,0
11.6,16,1.3999999762,151,2,1,5,1,12.1000003815
0.2,9.2,0.5,14,6,0,1,0,20.5
2,9.3000001907,1.3999999762,41,3,1,6,1,22.3999996185
6.4,10.6999998093,2.7999999523,75,5,1,22,0,4
2.8,12.8999996185,2.5,58,6,0,4,0,9.6000003815
8.8,11.3,0.7,140,5,1,23,0,19.3
11,15.6,2.8,162,3,1,16,1,9
1.2,14,4.1,18,5,1,1,0,61.7
8.8,14.1,2.8,68,5,1,8,1,20.1
0,15.9,5.5,139,2,1,21,0,17.6
0,26.5,3.9,143,4,1,17,0,20.7
0,17.5,1.7999999523,105,7,0,20,0,18.6000003815
0,31.6000003815,3.2999999523,171,3,1,15,1,36.2999992371
0,22.2999992371,4.4000000954,2,7,0,23,0,5.9000000954
0,16.2999992371,2.5,168,7,0,14,0,1.2999999523
2.8,11.8,2.7,34,4,1,6,1,11.5
6.6,10.1000003815,5.3000001907,12,5,1,21,0,11.6000003815
2.8,12.5,4,9,1,1,14,0,32.6
0,20.5,3.2999999523,107,4,1,9,0,20.7000007629
8.4,8.8999996185,2.5999999046,82,2,1,21,0,21.8999996185
0,17.3999996185,4.8000001907,4,1,1,20,0,16.1000003815
0,28.6000003815,3.7000000477,154,3,1,17,0,29.7999992371
3.8,11.8000001907,2.2000000477,5,2,1,23,0,4.8000001907
4.4,19.2999992371,4,101,6,0,12,0,18.1000003815
0,19.7,4,160,7,0,9,0,10.5
0,10.8999996185,0.5,11,2,1,6,1,41.2000007629
0,32.4,4,10,2,1,11,0,84.9
2.2,7.9000000954,4.6999998093,53,2,1,18,0,5.5
0.2,13,1.8999999762,30,4,1,6,1,44.9000015259
0,11,1.9,40,5,1,4,0,6.1
0,33,6.4000000954,4,1,1,13,0,87.8000030518
0,11.3,0.4,125,1,1,18,0,33.9
0.2,37.0999984741,3.0999999046,19,2,1,19,0,39.4000015259
7.6,4.6999998093,1.2999999523,25,5,1,8,1,79.8000030518
1,6,1,64,4,1,1,0,21.8
7.4,19.3,3.8,113,6,0,12,0,6.6
7,12.8000001907,4.3000001907,8,6,0,16,1,6.6999998093
0,5.3000001907,1.3999999762,44,3,1,22,0,47.7999992371
0,11,2.7,129,7,0,19,0,18.4
0,20.7999992371,4.1999998093,152,2,1,13,0,37
0,28.9,4.3,6,1,1,13,0,37.4
0,12.4,0.7,50,7,0,4,0,61
0,27,3.4,22,1,1,17,0,33.1
0.2,4.5999999046,0.6999999881,5,4,1,7,1,59.4000015259
0,17.6,4,165,6,0,20,0,13.9
0.6,15.3999996185,2.4000000954,132,3,1,3,0,4.1999998093
0.2,9.8000001907,1.8999999762,106,1,1,4,0,13.1999998093
1.2,6.4,0.5,27,5,1,7,1,27.3
55.6,13.2,1.8,99,1,1,1,0,17.1
0.2,9.3000001907,0.3000000119,92,5,1,8,1,71.0999984741
0,20.2,4,155,6,0,23,0,46
33.6,16.6000003815,2.4000000954,118,3,1,9,0,12.3999996185
8.8,19.2,1.2,96,5,1,11,0,24.4
0.4,17.9,2.1,169,1,1,14,0,23.6
0,17.9,6,173,3,1,18,0,21.8
0,14.8,2.9,170,4,1,5,1,12.9
12.8,19.7,1.3,139,7,0,11,0,14.3
3,10.3000001907,2.5,94,7,0,4,0,8.3999996185
0,18,2.5999999046,20,6,0,19,0,10
0,12.2,4.2,143,4,1,22,0,8.9
1.2,8.1000003815,1.2999999523,55,1,1,8,1,41.5999984741
0,13.6999998093,1.2999999523,57,6,0,4,0,7.0999999046
0,28.6,4,16,5,1,7,1,56.5
11.4,9.6000003815,0.6999999881,150,3,1,22,0,13.5
0.2,17.2000007629,2.0999999046,120,7,0,5,1,15.8000001907
0.4,21.2,2.3,156,5,1,13,0,13.8
2.2,6.8,0.6,20,7,0,7,1,19.2
0,32.5,4.8,5,3,1,13,0,41
0.6,13,2.2,151,5,1,21,0,9.8
4.4,9,2.5,24,1,1,4,0,0
0,23.8,3.3,145,4,1,13,0,17.4
0,21.3,0.5,136,6,0,10,0,17.9
7.4,5.3,1,25,7,0,2,0,15.8
0,24,5.4000000954,177,3,1,15,1,26.7999992371
1,20.1,2.1,178,4,1,11,0,37.1
0,19.3999996185,1.6000000238,165,2,1,13,0,28.3999996185
0.2,21,1,85,3,1,3,0,14.8999996185
2.2,11.8,5.5,130,3,1,20,0,15.7
0,20.8,0.8,154,1,1,2,0,22.3
0,14.5,1.1,53,4,1,2,0,32.6
1.2,13.6,2.5,108,3,1,22,0,24.1
3.8,10.3999996185,1.2999999523,154,2,1,19,0,13.8000001907
0,18.7,4,164,1,1,13,0,13.9
0.2,18.5,2.2,155,4,1,22,0,9.8
7,12,3.1,44,6,0,23,0,5.1
0.8,17.4,4.1,176,7,0,4,0,11.7
0,17.3999996185,2.2000000477,128,1,1,3,0,6.8000001907
0.4,15.3,1.4,178,6,0,14,0,16.8
0,24.6000003815,3.5,169,5,1,16,1,37.0999984741
0.4,16.8999996185,0.6999999881,55,2,1,8,1,139.5
1,14.3999996185,2.0999999046,110,7,0,7,1,14.1999998093
4.4,15.3,0.5,47,2,1,10,0,20.4
0,14.7,0.7,136,5,1,22,0,5.4
4.4,11.8,2.1,7,6,0,5,1,15.7
0.8,16.1000003815,0.6000000238,17,1,1,7,1,27.7000007629
11.4,8.6000003815,1.6000000238,113,3,1,3,0,5
0,12.5,4.6,174,2,1,21,0,21
21.2,11.7,5.3,161,7,0,17,0,20
0,18.7000007629,0.8999999762,1,2,1,6,1,27.2000007629
0,12.5,5.1,24,2,1,18,0,23.3
0,21.7000007629,3.4000000954,162,3,1,18,0,24.5
1.8,18.5,3.2000000477,31,6,0,20,0,10
4,31.1,2.4,105,3,1,21,0,25.9
0.2,7,2,3,6,0,6,1,22.8
0.2,31.7999992371,2.4000000954,8,2,1,23,0,34.4000015259
0,27.5,1.4,156,7,0,17,0,35.3
0,13.1999998093,4,95,7,0,7,1,15.5
0,11,1.5,91,4,1,8,1,45.3
0.2,8.2,2.3,15,2,1,0,0,7.1
11,14.1000003815,2.7000000477,99,5,1,12,0,9.1000003815
6,15.3000001907,5.1999998093,0,2,1,11,0,44.2000007629
0.2,2.5,0.8999999762,5,4,1,6,1,70.4000015259
0.4,7.6,1.1,152,1,1,6,1,26.6
0.6,7.5,1.2,5,7,0,22,0,29.2
0,13.5,1.5,154,3,1,12,0,21.3999996185
11.6,13.8000001907,2.5,171,2,1,13,0,9.1000003815
1.2,10.7,3.7,4,5,1,11,0,10.3
0.2,16.7,4.1,160,6,0,16,1,13
11,13.6000003815,1.8999999762,161,5,1,15,1,10.8999996185
2.2,15.1000003815,5.3000001907,14,1,1,13,0,15.6999998093
1,12,0.6000000238,58,4,1,4,0,11
11.8,9.8999996185,4.4000000954,149,6,0,20,0,14.1999998093
3,20.1000003815,2.5,129,4,1,0,0,9.5
0,20.5,4,169,2,1,19,0,18.7000007629
0,19.5,3,164,1,1,2,0,7.9000000954
0.2,24.3999996185,1,1,3,1,6,1,57.9000015259
2.2,25.1,1.5,140,2,1,23,0,25.8
1.8,16.7000007629,5,87,1,1,14,0,29.7999992371
0.2,10.3999996185,0.3000000119,69,7,0,10,0,13.1999998093
6,17.2999992371,3.4000000954,9,2,1,16,1,22.5
0,14.6999998093,4.9000000954,25,6,0,7,1,11.6999998093
13.4,12.3,2.3,163,7,0,14,0,8.2
0.2,12.8000001907,1.5,18,1,1,6,1,18.7000007629
3,23.3999996185,0.8000000119,76,2,1,3,0,24
0,21,2.5,147,1,1,22,0,19.3999996185
0,18.7,3.8,29,1,1,18,0,35.8
3,13.5,3.0999999046,4,3,1,23,0,3.9000000954
3.6,13.6,0.3,123,2,1,19,0,27.9
1,11.1,1.5,82,5,1,21,0,12.2
9,21.5,3.2000000477,167,6,0,16,1,5.0999999046
0,19.6,0.9,37,1,1,8,1,68.9
0,15.4,1.6,59,4,1,5,1,16
4.4,18.3999996185,4.8000001907,3,4,1,7,1,30
0.4,14.3,2.8,43,1,1,19,0,5.7
7,9.4,4.3,126,4,1,5,1,14.1
0,13.8000001907,2.7000000477,159,1,1,23,0,8.3000001907
0.4,10.1,2.1,6,2,1,4,0,10.2
0,20.3999996185,3.7999999523,164,6,0,18,0,18.2999992371
1.4,13.6999998093,3.9000000954,9,7,0,14,0,10.3999996185
24,25,3.9000000954,176,5,1,12,0,20.1000003815
10.2,9.4,1.4,97,1,1,10,0,6.9
0.8,16.1,3.1,166,3,1,13,0,18.1
0.2,10.6999998093,0.6999999881,133,6,0,18,0,17.2000007629
9,23.7,3.5,6,1,1,8,1,42.5
3.4,10.3000001907,5.5,7,6,0,20,0,10
0,18.6000003815,2.2000000477,139,4,1,4,0,16.7999992371
0,15.8999996185,0.6000000238,29,4,1,4,0,77.5999984741
3.4,21.2999992371,2.2999999523,129,4,1,10,0,10.8000001907
0,22.9,4.8,97,3,1,15,1,50.8
0,18.8,3.3,173,3,1,16,1,15.1
2,17.7999992371,2.7999999523,67,3,1,16,1,16.5
4.6,9.8999996185,0.6999999881,65,5,1,22,0,18.7999992371
4.6,30,2.8,56,6,0,17,0,32
0,26.1,2.3,170,7,0,16,1,36.1
1,12.3999996185,1.3999999762,163,4,1,19,0,10.5
13,10.8000001907,1.5,1,1,1,0,0,3
6.4,7.1,2,113,6,0,23,0,11.7
2.2,18.2,2.6,37,3,1,14,0,36.9
4.6,18.3,3.2,154,6,0,16,1,12.9
1.2,9.6999998093,2,79,1,1,9,0,24.2000007629
0.4,12,1.9,138,2,1,15,1,12.2
0,16.2999992371,1.7000000477,24,7,0,8,1,12.1999998093
2.2,15.6000003815,3.2999999523,1,3,1,19,0,27.6000003815
0,16.3,4.5,83,6,0,1,0,15.3
5.8,11.3000001907,2.2999999523,10,4,1,23,0,7.5
0,19.7999992371,1.3999999762,134,6,0,1,0,9.8000001907
6,8.5,2.1,54,4,1,2,0,4.3
0.6,15.3000001907,2.5999999046,158,7,0,8,1,12.1000003815
0.4,10.5,2.2,88,1,1,6,1,9.3
14.6,21.8999996185,1.5,146,5,1,20,0,16.3999996185
6.8,7.5999999046,0.8000000119,73,5,1,1,0,8.5
0.2,6.4000000954,1.5,18,6,0,1,0,10.8999996185
0.2,11.8,0.9,139,4,1,18,0,20.7
0.2,17,1.3,9,4,1,4,0,29.3
0,15.6,2.7,115,3,1,1,0,4
0,19.2,3.7,177,3,1,18,0,27.7
0,9.3000001907,0.6999999881,30,5,1,3,0,10.8999996185
0,20,3.4000000954,166,1,1,20,0,19.6000003815
0,15.4,1.9,154,2,1,10,0,28.2
2.4,11.8000001907,3.7000000477,153,2,1,10,0,27
0,17.1000003815,1,12,7,0,23,0,10.1999998093
0,19.7999992371,2.4000000954,151,4,1,9,0,13.1000003815
6,12.9,4.7,65,4,1,9,0,15.5
0,19.2000007629,3.4000000954,76,7,0,10,0,26.8999996185
0.4,14.8999996185,1.7000000477,25,5,1,22,0,28.3999996185
0.2,11.4,2.1,62,6,0,9,0,18.4
1,2.5,1.3,57,3,1,1,0,25.8
20.2,20.3999996185,3.5,161,6,0,14,0,10.1000003815
0,24.3,1.6,46,6,0,23,0,28.6
0,18.3999996185,2.7999999523,130,5,1,21,0,1.3999999762
6,18.5,3.5,143,2,1,14,0,20.4
0.2,16.4,1.6,172,7,0,21,0,21.3
1,15.8000001907,0.6000000238,95,4,1,10,0,65.4000015259
6,12.6000003815,1.6000000238,5,2,1,21,0,8
2.6,4.6,3.1,84,7,0,4,0,8.4
0.4,17.6,1.6,102,6,0,11,0,16
0,16,4.3,14,3,1,10,0,53.1
6.2,22.7000007629,2.2999999523,176,7,0,15,1,20.8999996185
0,19.2000007629,0.8000000119,68,2,1,9,0,23
2.6,13,0.6999999881,123,3,1,10,0,33
1.2,14.3999996185,5.4000000954,99,1,1,15,1,10.8999996185
3,14.6000003815,2.2000000477,20,2,1,17,0,14.6000003815
0,17,2.0999999046,115,6,0,23,0,0.8000000119
0,18.2,3.9,31,7,0,8,1,15.5
0,18.6000003815,4.5,157,1,1,17,0,11
0,17.9,1.1,87,1,1,3,0,13.6
3.8,8.6999998093,0.8999999762,88,2,1,7,1,67.9000015259
0.2,9.8999996185,1.2999999523,34,6,0,3,0,7.8000001907
4,10.1000003815,1.3999999762,0,2,1,7,1,23.3999996185
1,14.1000003815,1.7999999523,112,7,0,6,1,11.8999996185
15.4,15,4.5999999046,170,1,1,18,0,14.6999998093
13.4,11.6,2.1,151,7,0,16,1,8.8
0,15.4,0.6,30,4,1,5,1,48.3
1.6,15.1999998093,0.6999999881,36,7,0,18,0,11.6999998093
0,18.7999992371,1.5,135,4,1,5,1,16.2000007629
2.6,8.3,3.9,5,7,0,5,1,11.3
2,11.6,6,7,4,1,10,0,46.3
5.4,15.8,0.8,140,3,1,23,0,11.6
0.6,8.8000001907,1.8999999762,35,2,1,5,1,19.7000007629
0,16.5,3.2999999523,167,3,1,9,0,9.8000001907
0,14,1.7999999523,8,4,1,22,0,8.1000003815
3.6,10.3999996185,0.8000000119,27,2,1,4,0,6.5999999046
2.4,9.3,1.9,1,7,0,6,1,4.8
2.8,9.2,4.4,38,4,1,8,1,26.2
0,17.7999992371,2.2000000477,133,2,1,2,0,3.2000000477
0.2,2,1.1,34,1,1,6,1,62.3
1.2,13.5,4.2,48,3,1,5,1,9.3
0,27.8,1.9,25,4,1,0,0,18.2
0.2,10.8000001907,1.8999999762,52,1,1,6,1,7.4000000954
15.6,15.5,0.3,40,6,0,5,1,12.2
0,24.6,1.7,179,2,1,13,0,15.9
0,15.7,0.9,42,3,1,3,0,31.7
17,15.7,4.1,132,6,0,13,0,7
0,21.2000007629,1.8999999762,172,5,1,11,0,35.7999992371
0.4,12.6,3.6,4,5,1,9,0,13.3
0,22.1000003815,4,165,5,1,12,0,16.7999992371
0.8,22.2000007629,3.5999999046,12,5,1,14,0,28.5
4.6,9.8000001907,0.8999999762,21,6,0,8,1,43.4000015259
0,16.7000007629,3,169,1,1,18,0,10.6999998093
0,17.5,0.6000000238,4,2,1,6,1,77.0999984741
0.4,18,0.8999999762,39,3,1,2,0,17.7000007629
2.4,12.5,4.5,6,1,1,16,1,7.3000001907
0,11.3000001907,3.2000000477,5,5,1,8,1,22.2000007629
0,19.9,3.2,25,2,1,8,1,19.7
0,20.6,2.1,169,5,1,11,0,27.9
0,26.2999992371,4.9000000954,5,5,1,16,1,75.1999969482
0,24.2,2.7,162,5,1,15,1,13.6
0.8,10.5,0.8,73,3,1,19,0,46.4
1.8,10.3999996185,2.2000000477,162,4,1,5,1,19.1000003815
0.6,16.7000007629,1.7999999523,40,5,1,6,1,34.4000015259
0,24.6,1.8,156,6,0,12,0,14.7
0,15,0.9,19,6,0,7,1,96.7
6.2,13.1000003815,0.8999999762,93,6,0,18,0,15.3000001907
2.8,13.3000001907,1,63,3,1,23,0,19
2.6,13.6999998093,1.1000000238,19,6,0,20,0,35
0,23,5,163,7,0,15,1,20.8999996185
0.4,17.2000007629,4.8000001907,171,2,1,14,0,23.3999996185
2.2,9.4,0.6,42,4,1,8,1,139.8
0.8,13.8,1.8,126,3,1,12,0,14.7
6.2,10.4,3,104,5,1,15,1,9.3
0,21.3,2.9,151,6,0,18,0,19.8
0.8,13.3,2,169,3,1,14,0,20.5
0,14.8999996185,2.2999999523,27,5,1,4,0,24.6000003815
13.8,14.1000003815,0.8999999762,114,2,1,17,0,14.1000003815
0.6,14,3.2000000477,112,3,1,5,1,9.8000001907
6,13.9,5.1,118,7,0,7,1,0.4
0.4,15.8999996185,1.6000000238,107,5,1,9,0,8.6999998093
7.4,12.2,2,17,7,0,9,0,15.4
10.6,11.5,3,70,3,1,9,0,13.5
0.2,15.8000001907,1,49,3,1,2,0,36.2000007629
10.2,5.1,1.6,90,1,1,6,1,12.4
0.4,20.2999992371,3.5,2,5,1,14,0,47.4000015259
2.6,12.5,3.3,180,2,1,22,0,27.7
0.2,9.5,0.6999999881,2,7,0,0,0,18.2000007629
5.4,17.8,2.7,150,3,1,9,0,9.4
1.8,14.5,4.0999999046,90,1,1,10,0,25.6000003815
11,17,2.7,152,3,1,12,0,11
0.4,19.1,2.1,171,6,0,22,0,15
2,10,1.1000000238,27,5,1,7,1,73.0999984741
2.8,14.6000003815,2.5999999046,118,3,1,15,1,21.2999992371
0,14.5,2.5999999046,55,1,1,17,0,14.6999998093
21.6,12.6,2.8,122,7,0,0,0,7.9
0,10.6999998093,1.8999999762,14,4,1,22,0,47.4000015259
0,12.8000001907,2.5999999046,130,1,1,5,1,12.1999998093
0.2,33.9000015259,1.8999999762,177,2,1,15,1,50.2000007629
56,16.6,5.7,164,7,0,14,0,10.3
10.4,11.4,1.6,87,2,1,11,0,6.4
0,24.3999996185,2.9000000954,29,2,1,17,0,31.6000003815
0.6,11.8999996185,0.8999999762,5,4,1,5,1,33.9000015259
6.6,14.1,3.5,82,3,1,12,0,23.8
14.2,17.5,1.2999999523,83,6,0,22,0,11.6000003815
1.6,10.6000003815,2.7999999523,83,7,0,2,0,8.8999996185
56,16.2,5.3,162,7,0,15,1,15.5
0.2,6,1.5,25,7,0,2,0,8
0,22.7999992371,0.8999999762,157,4,1,16,1,70.5999984741
3,19.6000003815,1.2999999523,164,4,1,22,0,9.8000001907
0.6,9.6,0.4,104,6,0,5,1,6.7
0,23.7999992371,4.9000000954,170,7,0,12,0,32.7000007629
14.2,14,0.6999999881,32,7,0,6,1,15.1000003815
5.2,10.2,1.7,162,1,1,19,0,11.9
0,21.4,4.3,147,2,1,19,0,29.5
0.6,12.6000003815,1.6000000238,144,5,1,17,0,18.7000007629
7.2,17.1000003815,4.5,3,3,1,11,0,28.7999992371
3.4,14,2.0999999046,100,7,0,3,0,9.3000001907
3,23.7000007629,1.2999999523,52,2,1,18,0,11.3000001907
0.2,14.6000003815,1.7999999523,81,7,0,11,0,3.7999999523
0.2,14.5,0.6000000238,1,1,1,18,0,92.3000030518
0.2,16.6,1.6,153,1,1,2,0,9.1
0.2,15.1999998093,1.6000000238,143,7,0,12,0,11.3999996185
0.4,17.8,2,137,1,1,16,1,24.4
2.6,9.7,3.8,30,7,0,20,0,9.9
0,19.6,1,177,3,1,21,0,17.2
0,15.3,2.3,102,2,1,1,0,46.7
0,21.6,1.8,128,5,1,22,0,22.8
0,15.2,2,58,5,1,8,1,25.4
2.4,4.5,1.5,19,1,1,4,0,13.3000001907
0.2,8.3999996185,1.2999999523,25,5,1,8,1,114.4000015259
3,15.1999998093,2,137,4,1,5,1,8.8000001907
16.6,15.8999996185,4.6999998093,159,3,1,11,0,7
0.6,14.8000001907,5.1999998093,18,7,0,8,1,10.1999998093
9.4,15.8999996185,1.2999999523,24,6,0,2,0,4.9000000954
0,23.8999996185,2,179,3,1,14,0,36.7000007629
0,25,1.4,36,6,0,3,0,37.5
13.2,22.3,3.8,17,3,1,17,0,7.1
0.2,13.1999998093,0.8999999762,3,7,0,10,0,9.6999998093
4.6,9.3000001907,0.8000000119,21,7,0,22,0,12.1999998093
0,24.7999992371,1.3999999762,13,4,1,12,0,26
30.4,16.2,4.6,143,6,0,11,0,8.9
6.4,5.5,1.7,94,7,0,4,0,8.7
0,15,1,10,2,1,2,0,24.3
0,10.8000001907,1,66,2,1,3,0,10.5
0.4,14,2.5,165,6,0,10,0,21.1000003815
0.8,14.3999996185,1.3999999762,9,3,1,3,0,20.1000003815
63.2,20.5,1.6,23,6,0,9,0,19.4
14.2,18.7999992371,3,4,6,0,9,0,14.1000003815
1,15.8000001907,2,85,5,1,4,0,7.3000001907
5.8,16.2,1.2,114,2,1,3,0,17.2
0,17.8999996185,1.5,126,5,1,6,1,15.5
9,28,3.2,11,1,1,11,0,26.4
20.2,15.6999998093,0.8000000119,95,7,0,3,0,6.6999998093
10.6,18.2999992371,6.6999998093,126,5,1,13,0,12.6000003815
1,15.6000003815,2,91,5,1,7,1,36.5999984741
1,13.3000001907,1.2999999523,108,2,1,2,0,4.5
5.8,16.8,2.8,154,2,1,9,0,12.8
2,28.2000007629,3.0999999046,167,1,1,18,0,30.5
6.6,14.1000003815,3.0999999046,11,5,1,3,0,3.0999999046
0.2,15.8999996185,2.2999999523,69,1,1,11,0,13.6000003815
0.8,5.4,1.6,2,6,0,7,1,35.4
0,16.2,3.2,146,2,1,8,1,35
0,23.2000007629,2.2000000477,33,3,1,19,0,70.4000015259
9,20.6000003815,3.7000000477,165,6,0,18,0,4.1999998093
0.6,10.5,2.8,23,5,1,18,0,8.6
0.4,16.5,5.3,15,1,1,15,1,8.7
0,17.8,1.2,7,3,1,2,0,14.6
4.4,17.4,3.3,155,2,1,16,1,18.9
1,19.2000007629,2,142,6,0,0,0,7.8000001907
9,16.7999992371,3.4000000954,151,5,1,12,0,23.5
0.6,6.7,2.2,29,4,1,5,1,16.1
3,21.1000003815,0.6999999881,135,4,1,22,0,14.8999996185
0.8,17.6000003815,3.5,96,3,1,16,1,17.6000003815
12,16.3999996185,2.9000000954,58,4,1,7,1,10.1000003815
0,19.1000003815,3,174,6,0,22,0,15.8999996185
0.6,8.9,1.9,97,2,1,5,1,16.9
11.2,11.6,1.9,36,1,1,18,0,21
0.8,11.8000001907,0.5,95,1,1,0,0,14.6000003815
20,11.3,5.6,111,4,1,22,0,18.5
0.6,14.4,2.8,97,7,0,9,0,14.8
2.4,17.3999996185,4.6999998093,14,1,1,10,0,33.7999992371
34.6,15.8,5.3,179,6,0,13,0,22.5
2,18.6000003815,0.3000000119,162,5,1,4,0,16.2000007629
2.4,13.1999998093,5.0999999046,168,3,1,17,0,19.8999996185
3,14.4,5.2,15,2,1,19,0,15.3
0,26.1000003815,1.2000000477,155,7,0,21,0,23.7999992371
13.4,19.9,3.6,67,4,1,14,0,34.3
0.6,11.6999998093,2.5,119,6,0,11,0,14.3999996185
9,9.8,0.4,15,6,0,3,0,9.9
1.6,7.6,2.7,98,3,1,4,0,9.8
0,25.2,3.8,3,2,1,2,0,25.6
0.2,35.2000007629,4.6999998093,22,1,1,14,0,93.4000015259
0.6,12.9,4.2,6,5,1,2,0,11.4
0.2,12.3000001907,1.7000000477,32,4,1,5,1,19.7999992371
0,17.9,1.3,124,2,1,1,0,8.2
0,34.5999984741,4.1999998093,21,6,0,12,0,16.1000003815
0.2,15.6,2.6,138,4,1,11,0,19.2
0.2,15.2,3.5,9,6,0,10,0,27.6
0,20.7000007629,0.6000000238,76,7,0,10,0,26.3999996185
0,22.2,6.4,13,5,1,9,0,22.1
35.8,9.5,3.4000000954,26,3,1,22,0,2.0999999046
7.4,16.9,7.2,3,1,1,10,0,113.1
0,19.3,3.6,27,1,1,7,1,39.7
0,21.2,6.5,89,3,1,8,1,245.6
0,12.3000001907,1.2999999523,47,2,1,0,0,17.6000003815
2.2,12.1000003815,3.5,6,1,1,3,0,4.0999999046
0,25.8999996185,3.4000000954,2,7,0,9,0,21.2999992371
0,13.3,1.2,99,2,1,6,1,20.3
7.4,14.1000003815,3.2999999523,25,1,1,23,0,11.1999998093
0,18.2999992371,1.3999999762,135,2,1,7,1,22.7999992371
24,24.2000007629,4.1999998093,172,5,1,13,0,32.2999992371
0,21.6000003815,2.7000000477,117,7,0,11,0,4.1999998093
41,16.4,3.6,153,3,1,21,0,7.4
1,13.1000003815,0.8000000119,78,5,1,21,0,20.2999992371
0.6,9.2,0.7,152,4,1,16,1,43.5
1.2,16.5,5,115,2,1,13,0,11.8
3,15.1999998093,3.4000000954,81,4,1,16,1,14.6999998093
0.4,13.1000003815,1.7999999523,159,4,1,0,0,6.6999998093
0.2,14.7,1.6,106,7,0,6,1,14.1
5.4,3.7,0.6,26,5,1,6,1,72.6
0,3.2999999523,0.8999999762,45,3,1,4,0,22.2000007629
0.4,18.8999996185,3.7999999523,167,1,1,15,1,19.2000007629
0,20.9,2.5,159,4,1,11,0,22.8
0,24.1,5.8,147,1,1,13,0,23.7
21.2,11.1,6.2,162,7,0,12,0,24.1
0.4,10.5,2.8,169,7,0,18,0,11.4
13.4,12.7,1.4,133,7,0,13,0,7.4
0,17.2000007629,4.6999998093,177,4,1,12,0,24.8999996185
0,17.2000007629,2.5,142,6,0,11,0,16.3999996185
0.4,12.5,1.2999999523,17,2,1,17,0,31.7999992371
2,9.2,3,103,1,1,0,0,9.1
0.4,42.2999992371,5,47,3,1,15,1,105.8000030518
0.2,8.3999996185,1.2999999523,64,4,1,19,0,33.0999984741
0,15.1,4.2,171,4,1,18,0,20.4
4,14.8000001907,4,174,6,0,19,0,10.8000001907
11.2,10,3.7000000477,162,2,1,6,1,19.3999996185
0.2,14,1.9,101,7,0,12,0,3.7
7.2,13.4,1.1,3,5,1,11,0,16.1
0,18.9,1.2,178,3,1,23,0,14.1
6.8,9.6000003815,2.5,100,5,1,7,1,18.5
0.8,4.2,1.7,43,5,1,5,1,26.7
0,15.6999998093,2.2999999523,96,3,1,8,1,47.0999984741
0,17.5,0.8999999762,109,5,1,0,0,15.6000003815
3.2,16.7000007629,3.7000000477,169,5,1,20,0,16
0,19.4,5.4,179,3,1,13,0,31.5
2.2,15.8000001907,4.3000001907,4,5,1,5,1,24.5
12.2,8.1000003815,1,14,6,0,19,0,38.7999992371
0.8,9.3,1,59,2,1,22,0,23.2
13.4,12.8,3.9,83,7,0,22,0,0
0,14.3999996185,1.2999999523,96,5,1,4,0,13.1999998093
0,14.9,1.7,98,5,1,23,0,7.4
1.4,18.1000003815,4.5999999046,176,4,1,0,0,16.6000003815
0,21.2000007629,3.7000000477,162,1,1,13,0,24.2000007629
1.6,29.5,2.6,4,1,1,18,0,23
0,23.7999992371,4.0999999046,159,6,0,19,0,33.2000007629
4.6,18.7,0.5,25,5,1,5,1,46.5
0,16.7999992371,0.8000000119,47,5,1,7,1,57.9000015259
0,12.8,0.7,110,6,0,0,0,13.8
3,19.2999992371,3.4000000954,152,2,1,15,1,17
0.4,6.4000000954,1,17,6,0,4,0,15.3000001907
0,15,2,111,2,1,0,0,4.0999999046
1.4,20.5,0.400000006,129,3,1,6,1,51.2999992371
0.4,11.6000003815,1.2999999523,91,6,0,3,0,15.6999998093
0,36.7999992371,3.5,18,7,0,17,0,3.7000000477
0.4,11.4,1.7,109,4,1,23,0,27.9
1.6,7.0999999046,1.7999999523,98,4,1,8,1,18.7000007629
0.4,16.6000003815,3.9000000954,164,2,1,15,1,15.3000001907
0.8,13.1,1.2,132,3,1,16,1,21.2
6,15.6999998093,1,176,5,1,19,0,15.6999998093
1.4,16.9,6,17,7,0,16,1,14
0.6,11.8999996185,3.5,17,3,1,19,0,11.6000003815
5.8,17.2,3.9,173,1,1,17,0,17.5
0.4,16.1000003815,3.7000000477,139,2,1,10,0,12.8000001907
0.2,29.6000003815,3,11,1,1,9,0,58.9000015259
0,21.2,1,141,1,1,21,0,25.9
15.4,13.3999996185,4.5,136,1,1,9,0,13.5
11.8,12.6999998093,1.1000000238,70,5,1,1,0,12.6999998093
0,17.8999996185,1.6000000238,178,5,1,20,0,12.6999998093
0.4,17.7000007629,3.2999999523,173,3,1,21,0,17.2999992371
0,18.8,2.1,163,7,0,17,0,19
0,15.3999996185,1.6000000238,173,3,1,14,0,30.2000007629
0,15.8,2.5,167,4,1,23,0,9.7
8.8,19.7999992371,1.3999999762,82,5,1,2,0,15
0,14.1999998093,0.200000003,116,7,0,5,1,4.8000001907
0,12.6,3.6,161,6,0,22,0,6.8
8.8,23.7,1.8,55,5,1,10,0,17.3
0.4,26.2999992371,3.2999999523,1,4,1,9,0,8.1999998093
0.4,20,3.2999999523,173,1,1,12,0,22.3999996185
2.2,18.2,4.7,173,4,1,16,1,25.4
0,23.2,5.1,170,1,1,16,1,17.3
3.2,15,3.8,81,5,1,17,0,22.2
3.2,14.3999996185,3.0999999046,11,5,1,17,0,16.1000003815
1,16.2000007629,3.5999999046,159,7,0,17,0,10.3000001907
6.2,11.1000003815,0.6000000238,65,6,0,2,0,9
7,13.6,4.5,178,4,1,12,0,23.3
3.4,25.1000003815,5.3000001907,3,4,1,6,1,74.1999969482
0,13,1.2999999523,170,6,0,16,1,13.8999996185
0,17.5,1.7999999523,178,6,0,22,0,15.3000001907
0,12,3.2,125,7,0,11,0,13.1
4,35.8,1.6,98,3,1,16,1,27.4
2.8,11.3,3.8,6,2,1,9,0,31.3
0,18.6,2,163,7,0,16,1,26.5
2,13.5,1.3999999762,136,2,1,16,1,13
4,9.1000003815,0.8000000119,26,2,1,4,0,3.9000000954
0,16.8,0.3,122,5,1,2,0,5.8
3.6,19.2999992371,3.5999999046,166,7,0,20,0,5.0999999046
13.4,24.6,4.4,77,7,0,15,1,0
0.2,14,1.8,171,4,1,17,0,17.5
0.6,6.3,1.2,13,3,1,4,0,23.1
0,15.8000001907,0.6999999881,30,1,1,5,1,70.8000030518
4.4,21.3,1.4,127,6,0,2,0,14.2
4.4,13.6000003815,3.7999999523,107,4,1,22,0,7.9000000954
1.4,20.2999992371,5.3000001907,162,4,1,16,1,39.2000007629
0,16.3999996185,2.2999999523,174,3,1,1,0,5.1999998093
1,15.8,2.4,3,4,1,20,0,12.2
6.6,7.8,3.9,11,3,1,4,0,22.9
1.2,16,7.4,71,3,1,11,0,54
17.2,12.8,2.2,11,2,1,9,0,33.1
0.4,17.2999992371,5.1999998093,163,2,1,17,0,24.6000003815
7.4,12.7,2.5,5,7,0,21,0,23.7
0,17.7999992371,4.4000000954,169,7,0,16,1,17.3999996185
2.6,13,4.5,170,2,1,12,0,14.6
2.4,15.8999996185,3.7000000477,156,4,1,15,1,14.5
0.8,18.8999996185,3.5,167,1,1,18,0,10.8999996185
6,14.8000001907,3.7000000477,157,4,1,19,0,11.8999996185
4.6,11.1,1.8,107,6,0,23,0,3.4
0,18.9,1.6,177,7,0,19,0,26.6
2,16.7000007629,0.400000006,113,1,1,4,0,20
0,36.7000007629,3.0999999046,45,2,1,11,0,74.5999984741
0.2,18.7000007629,5.1999998093,3,2,1,14,0,46.7999992371
2,19.1000003815,3,158,4,1,10,0,22.7000007629
1,14.3000001907,1.6000000238,163,1,1,0,0,7.6999998093
0,20.2,4.7,124,5,1,11,0,10.9
28.4,13.5,0.6999999881,50,6,0,2,0,5.0999999046
0.4,17.3999996185,1.3999999762,145,1,1,23,0,14.8999996185
0.4,11.3,6.1,66,1,1,9,0,36.7
0,14.6999998093,2.2999999523,172,5,1,9,0,7.8000001907
0.2,15.8000001907,2.2000000477,29,7,0,17,0,6.5999999046
11,8.3000001907,1.8999999762,66,5,1,6,1,12.3000001907
9,26.2,3.5,12,1,1,10,0,38.1
2.4,13.6000003815,2.5999999046,172,2,1,14,0,16.7000007629
2,13.7,2.2,179,2,1,16,1,21.3
8.8,14.8,3.1,158,5,1,17,0,16.1
0,15.5,2.7999999523,6,1,1,8,1,14.1999998093
12.2,11.6000003815,1.8999999762,128,6,0,15,1,14.5
2.2,20.3999996185,5.5999999046,3,5,1,10,0,67.0999984741
0,10,1.7999999523,4,5,1,1,0,31.1000003815
11.6,14.5,1,121,2,1,20,0,17.2000007629
6.6,11.5,2.2,120,6,0,8,1,16.1
2,12.6,3,83,5,1,17,0,7.5
3.8,20,4.4000000954,165,1,1,13,0,14
32.8,13.3999996185,2.9000000954,94,4,1,11,0,9.8000001907
1.4,19.6,3.4,70,4,1,12,0,15.5
55.6,13.3,2.2,125,1,1,6,1,14
0,21.3999996185,3.9000000954,10,4,1,3,0,27.2999992371
0.2,8.1,2.7,97,6,0,17,0,8.4
36,12.8000001907,1.2999999523,90,4,1,17,0,9.1000003815
0,16.7,0.7,177,3,1,3,0,10.1
1.6,8.3000001907,2.2000000477,22,4,1,0,0,13.6000003815
2.8,14.7,3.3,113,5,1,8,1,11.1
1,16.7000007629,2,151,2,1,10,0,13.3999996185
11.4,12.6000003815,3.2000000477,157,6,0,15,1,12.8000001907
0,22.3,3.4,176,3,1,16,1,23
0,12,2.8,48,6,0,20,0,10.3
0.6,13,0.8999999762,42,4,1,1,0,26.5
1,11.3000001907,0.8000000119,30,5,1,21,0,41.7000007629
0,22.7,3.1,165,2,1,14,0,30.8
0.8,10.1999998093,0.200000003,168,1,1,18,0,29.6000003815
0,18.7999992371,3,158,1,1,14,0,13.8000001907
0,19.2,3.5,122,4,1,13,0,22.9
0,19.7,4.2,173,4,1,19,0,8.6
0,17.1,3.3,56,2,1,20,0,8.2
2.6,13.1,6.2,68,7,0,12,0,5.4
0,24.7999992371,2.9000000954,167,5,1,13,0,29.5
8.8,19.8999996185,0.6000000238,82,5,1,7,1,28.3999996185
0,14.6999998093,1,3,7,0,4,0,11.5
0.8,12.7,1,53,7,0,22,0,9.1
0,19,1.6000000238,22,3,1,5,1,45.4000015259
2.6,16.7999992371,0.6000000238,35,6,0,20,0,21.7999992371
0.8,19,4.4,168,6,0,20,0,16.8
0,19.4,2.7,173,2,1,14,0,7
20.8,15,2.0999999046,168,1,1,18,0,14.6999998093
2.2,30.1,2.8,40,2,1,11,0,17.7
0,26.2000007629,1.1000000238,89,1,1,18,0,18.8999996185
28,9.8999996185,1.2999999523,65,5,1,1,0,5.5
1,18.7000007629,2.5999999046,166,2,1,13,0,21
0,16.4,2.1,173,2,1,11,0,22
0.4,16.6000003815,4.1999998093,168,2,1,19,0,12.8000001907
1.4,10.5,3.4,65,1,1,18,0,9.7
0.6,19.1,3.9,24,7,0,5,1,10.4
0,9.6000003815,1.3999999762,2,3,1,0,0,12.5
6.2,12.6000003815,0.3000000119,69,6,0,11,0,18.2000007629
1.4,14,3.1,47,1,1,0,0,29
0.4,4.8000001907,1.1000000238,7,2,1,8,1,103.4000015259
15.6,16.1,0.8,37,6,0,4,0,12.8
4,20,0.4,80,3,1,6,1,66.9
0.2,13.8000001907,1.2000000477,135,6,0,12,0,18.3999996185
0,7.1999998093,0.8000000119,6,1,1,8,1,100.3000030518
11.8,15.8,2.2,34,3,1,2,0,10.3
0.6,11.6000003815,2,2,2,1,12,0,36.2999992371
0,13.3,0.7,153,5,1,2,0,20.4
0,27.7,1.5,125,6,0,14,0,55.3
20,15.3000001907,4.9000000954,103,2,1,9,0,18
0,16.7,1.4,115,4,1,2,0,15.5
2.2,14.3999996185,5.1999998093,4,1,1,15,1,27.8999996185
0.4,14.7,1,10,6,0,5,1,18.1
2.6,12,2.7000000477,81,1,1,4,0,9.3000001907
4.4,16.8999996185,1.7999999523,142,7,0,23,0,15.6999998093
0,12.5,2.0999999046,140,1,1,4,0,9.3000001907
1,10,3,155,1,1,9,0,19
15.6,18.2,0.9,36,6,0,23,0,15.7
6.4,11.4,2.5,26,5,1,0,0,8.4
11.6,8.6000003815,3,80,6,0,16,1,28.6000003815
28.4,13.6000003815,0.8000000119,84,6,0,7,1,16.3999996185
0,18.2999992371,4.1999998093,5,6,0,13,0,37.5
0.8,15.5,3.2999999523,41,2,1,1,0,2.5
0,18.8,2.7,147,7,0,16,1,16.2
0,14.4,0.9,21,1,1,7,1,76.6
0.4,15.5,2.4000000954,171,1,1,22,0,6.1999998093
0,15.2,2,114,5,1,6,1,18
0,12.6000003815,1.1000000238,29,1,1,10,0,66
0,17.8,5,155,6,0,19,0,18.9
2.6,12.8,2.3,95,2,1,19,0,22.1
5.8,13.3000001907,2.7999999523,98,6,0,7,1,18.6000003815
0,9.5,1.5,101,4,1,5,1,13
31,11.6,0.9,82,2,1,4,0,21.7
0,24.5,4.5,57,3,1,7,1,111.3
0,13.6000003815,0.8000000119,43,3,1,1,0,36.0999984741
4.4,12,2.7,33,3,1,4,0,13
7,10.1999998093,2.5,18,6,0,2,0,0.3000000119
0.4,19.7999992371,3.2000000477,168,3,1,12,0,20.6000003815
17.2,19.6000003815,2.0999999046,150,3,1,3,0,6.1999998093
0.8,29.6,2.9,37,6,0,9,0,38.7
7,11.6,1.5,15,6,0,22,0,3.2
0,8.1000003815,1,48,6,0,7,1,26.1000003815
1.2,14.4,2.7,11,6,0,13,0,5.8
0.2,10.1000003815,1.8999999762,27,6,0,4,0,6.5999999046
0,17.6,0.1,28,5,1,10,0,50.1
0,14.3,0.5,10,6,0,3,0,36.7
1.4,20.1000003815,0.6999999881,63,3,1,8,1,36.0999984741
0,21.1000003815,1.7999999523,154,3,1,12,0,18.2999992371
2.4,19.7999992371,4.9000000954,8,1,1,13,0,45.5
2,24.6000003815,1.1000000238,40,2,1,14,0,40.7999992371
1.4,19.5,5.1999998093,171,6,0,16,1,8.8000001907
0.2,10.9,0.2,94,5,1,9,0,49.3
3.6,10.3999996185,1.2999999523,37,1,1,23,0,6.5
0,17,0.8,50,2,1,1,0,36.2
5.8,16.3,4.5,172,4,1,11,0,19.4
3.8,19.6,4.6,22,3,1,6,1,43.8
0.8,15.7,3,13,5,1,17,0,27.4
0.2,15.3000001907,0,15,1,1,21,0,17.7999992371
2.2,17.7,0.9,4,2,1,5,1,42.1
0.2,14,1.7000000477,112,5,1,20,0,15.5
6.6,9.8000001907,1.8999999762,123,1,1,22,0,11.3999996185
0,12.1000003815,3.7999999523,29,1,1,11,0,26.5
4.6,10.1000003815,0.400000006,38,5,1,20,0,25.2999992371
10.6,17.2000007629,5.6999998093,151,5,1,16,1,16.1000003815
0,16.3,2.1,173,1,1,23,0,11.8
8.2,8.8000001907,3,73,7,0,19,0,6.3000001907
0.2,14.3999996185,0.6999999881,73,1,1,8,1,21.8999996185
2.4,4.2,1.5,25,4,1,5,1,27.3
13.2,15,1.8,110,3,1,9,0,14
0,17.8,4.6,19,3,1,16,1,39
1,17.3,8.1,21,4,1,12,0,59.3
1,11.3000001907,0.6000000238,19,5,1,0,0,43.2999992371
1.4,3.0999999046,1.6000000238,26,7,0,5,1,11.5
20.2,21.2999992371,3.2000000477,167,6,0,17,0,7.5999999046
0.2,32,3.5999999046,39,3,1,16,1,36
43.6,18.7,2.3,9,7,0,9,0,15.4
0,33.1,4.3,14,2,1,12,0,92
0.8,12.9,3.7,117,2,1,10,0,18.2
0,16.4,1,56,1,1,2,0,7.4
0,20.3,3.2,163,6,0,16,1,23.8
0,17.2999992371,2.5999999046,152,5,1,8,1,22.7000007629
0,19.8,1.5,166,5,1,10,0,16.7
13.4,12.7,3.2,85,7,0,23,0,7
0,8.1,2.2,4,3,1,2,0,37
0.2,13.3000001907,1.2000000477,86,7,0,0,0,5.0999999046
13.4,6.9,0.6,9,7,0,8,1,7.6
0,13.7,1.5,17,5,1,16,1,31.9
0,32.5,3.7999999523,166,2,1,16,1,25.5
3.8,11.8999996185,3.2000000477,140,4,1,10,0,12.6000003815
0.4,19.2000007629,2,150,1,1,8,1,6.6999998093
4.4,10.6,2.5,0,7,0,6,1,10.5
0.6,15.3999996185,0.8999999762,43,4,1,23,0,36
0,23.7999992371,5.8000001907,170,3,1,16,1,22
2,27.3999996185,3,150,1,1,13,0,34.4000015259
3.8,11.4,1,159,6,0,20,0,9.8
3.8,11.6999998093,4.1999998093,141,4,1,0,0,10.5
3,11.8999996185,1.1000000238,79,7,0,19,0,14.6000003815
4.8,17.6000003815,4.5,12,5,1,4,0,9.1000003815
1,13.6000003815,0.3000000119,47,5,1,18,0,37.5999984741
0,22.2,4.1,4,3,1,5,1,26.6
0,12,0.6000000238,25,7,0,6,1,17.1000003815
0.6,19.5,1.6000000238,72,7,0,0,0,25.6000003815
1.2,16.5,3.0999999046,5,1,1,11,0,21.6000003815
2,7.1999998093,2.2000000477,61,6,0,2,0,11.1000003815
0.2,23.7000007629,3.4000000954,8,4,1,4,0,36.7000007629
0,13.1000003815,1.3999999762,104,7,0,0,0,17
0,22.2000007629,5.1999998093,174,7,0,15,1,30.7000007629
0.6,18.8999996185,5,170,3,1,19,0,9.1000003815
0,15.6000003815,2.5999999046,178,5,1,10,0,10.1000003815
2.4,12.3999996185,2.4000000954,84,2,1,20,0,14.1999998093
0,20.2999992371,2.7000000477,4,2,1,9,0,60.7000007629
19.6,14.7,0.7,30,1,1,2,0,6.7
0,32.7,3.9,43,3,1,18,0,21.4
0.4,41.5999984741,5.1999998093,25,3,1,14,0,82.8000030518
2.2,11.8,2.3,135,6,0,9,0,12.1
0.4,18.6000003815,1.2000000477,173,2,1,4,0,9.6999998093
0,29.8,4.7,3,3,1,13,0,54.5
0.6,14.5,0.6999999881,8,5,1,1,0,30.6000003815
6,11.1999998093,0.8000000119,58,5,1,0,0,15.1999998093
6,10.1999998093,0.8999999762,10,4,1,4,0,4.5999999046
0,22.7999992371,1.7000000477,33,7,0,9,0,24.2999992371
